Customer_ID,Address_ID
CG-12520,1
DV-13045,2
SO-20335,3
BH-11710,4
AA-10480,5
IM-15070,6
HP-14815,7
PK-19075,8
AG-10270,9
ZD-21925,10
KB-16585,11
SF-20065,12
EB-13870,13
EH-13945,14
TB-21520,12
MA-17560,15
GH-14485,16
SN-20710,17
LC-16930,18
RA-19885,14
ES-14080,19
ON-18715,20
PO-18865,21
LH-16900,22
DP-13000,23
JM-15265,24
TB-21055,25
KM-16720,26
PS-18970,27
BS-11590,28
KD-16270,29
HM-14980,30
TB-21520,31
JE-15745,32
KB-16600,17
JE-15745,33
SC-20770,34
DN-13690,35
JC-16105,36
CS-12400,37
PO-18865,38
PG-18895,39
GM-14455,15
JS-15685,2
KB-16315,40
RB-19705,41
PN-18775,30
KD-16345,35
ER-13855,42
RB-19465,27
GZ-14470,39
LC-16870,43
JM-15250,44
PA-19060,45
CV-12805,46
CL-12565,47
RC-19960,48
DK-13090,6
GG-14650,49
SC-20725,50
AD-10180,17
PF-19165,51
TS-21610,52
LS-16975,26
DW-13585,48
LC-16885,53
JD-15895,12
SH-19975,35
SG-20080,54
HA-14920,55
MG-17680,56
JE-16165,57
TW-21025,58
SP-20650,59
NK-18490,60
DB-13060,61
NP-18670,62
TT-21070,63
EM-13960,64
RD-19900,65
MJ-17740,61
BM-11140,66
CS-12130,26
JB-15400,37
SJ-20500,67
JE-15745,56
JK-15640,30
DK-13150,68
RM-19675,69
SK-19990,70
FM-14290,4
AM-10360,71
MP-17470,46
MZ-17515,72
CB-12025,73
VM-21685,74
FH-14365,75
MB-17305,76
BS-11755,77
LC-17140,78
HK-14890,79
LE-16810,80
JH-15985,81
MS-17980,78
VW-21775,82
JH-15910,4
JB-15925,83
DS-13180,84
VD-21670,85
EA-14035,44
CS-12400,86
DB-13120,87
KL-16645,27
DW-13480,88
LH-17155,10
KC-16540,89
DL-13315,24
DR-12880,37
CC-12670,30
Dl-13600,90
SB-20290,67
RC-19825,27
AH-10210,91
CB-12535,92
PG-18895,93
CA-12310,94
KH-16690,95
HA-14920,10
BB-10990,96
AG-10495,12
SC-20725,33
JO-15280,26
TB-21520,41
AH-10195,97
NZ-18565,48
KL-16555,98
JD-15895,99
JH-15910,37
AS-10225,24
KB-16600,100
CR-12625,101
SH-20395,102
BP-11185,103
TS-21205,104
AG-10525,105
SP-20860,106
NM-18445,24
FA-14230,107
GK-14620,108
DJ-13510,109
PO-18850,106
JL-15850,64
DB-13615,63
AC-10420,35
KL-16645,110
CS-12130,111
CC-12550,35
TD-20995,112
AB-10060,30
JL-15505,46
HK-14890,44
VB-21745,113
KW-16435,30
JD-16060,10
MK-17905,114
GT-14755,115
AG-10900,116
MM-18280,117
AR-10405,118
RA-19915,15
AS-10285,10
LA-16780,100
DO-13435,119
DK-13225,12
NG-18430,94
MV-18190,30
JG-15115,120
BP-11095,121
VP-21730,122
SS-20140,123
HP-14815,31
AG-10675,67
LF-17185,124
SP-20650,125
RF-19840,24
KH-16510,95
KC-16675,60
CJ-12010,126
PB-19150,26
VB-21745,127
SP-20860,63
JE-15745,128
MP-17965,129
NF-18385,130
JM-15265,131
SD-20485,132
KH-16630,66
RB-19795,133
DB-13060,112
MK-18160,134
PO-19180,37
BB-11545,33
CV-12805,24
PK-19075,84
TB-21595,135
RB-19360,136
EB-13705,76
KH-16630,137
SC-20095,138
NF-18385,68
JH-15985,61
TN-21040,52
JS-15940,139
DS-13180,140
CC-12670,27
MH-17785,141
JP-15520,95
KH-16690,142
JE-15475,25
JG-15805,24
XP-21865,143
EM-14065,24
MT-18070,63
SA-20830,27
CW-11905,144
AJ-10960,145
SS-20590,61
RO-19780,32
MD-17350,146
SC-20095,147
MY-17380,148
EB-13705,24
CM-12385,149
LS-17245,150
LF-17185,56
BN-11515,14
AD-10180,151
DB-13210,17
MC-17605,152
LH-17155,4
BD-11605,129
PH-18790,153
MG-18145,64
KB-16240,2
JC-15340,4
RL-19615,154
AA-10375,155
EP-13915,156
MP-17470,30
DK-12985,1
BD-11500,157
ES-14080,116
LM-17065,158
PG-18895,7
AS-10135,46
DK-13225,156
BD-11320,95
RC-19960,134
GT-14710,33
DK-13225,159
AJ-10945,125
OT-18730,63
LP-17080,95
CA-12775,86
JF-15490,60
FP-14320,142
EB-13840,60
JF-15415,24
SF-20200,160
TG-21640,107
CS-11950,27
CC-12145,26
DV-13465,77
BD-11725,127
ZC-21910,161
MS-17830,162
LR-16915,143
TP-21130,64
CK-12205,75
AS-10240,86
AR-10510,64
NB-18655,163
GD-14590,106
CK-12595,164
NG-18355,165
CA-12265,27
SF-20965,166
MO-17800,30
AT-10735,61
LC-17140,35
FM-14380,43
BD-11605,124
DJ-13420,167
ME-17725,43
RB-19465,168
JD-16150,40
JL-15835,169
SC-20305,170
TW-21025,171
CC-12430,135
BB-10990,172
AR-10825,173
SR-20740,24
AR-10405,46
CR-12730,48
EH-14125,174
CB-12025,175
SP-20545,165
RC-19825,176
TH-21235,177
RP-19390,178
MO-17800,156
TD-20995,117
RB-19570,135
CD-11980,179
DJ-13630,24
GT-14635,180
MC-17845,130
RA-19285,46
NP-18325,181
AB-10165,2
JO-15550,182
Dl-13600,178
AS-10285,6
JK-15370,107
BN-11470,183
DP-13165,46
TH-21550,46
AP-10915,184
RS-19765,185
Dl-13600,60
SV-20365,22
KC-16540,56
CK-12325,13
RD-19810,63
MP-17965,186
MR-17545,12
SC-20695,187
JF-15355,111
EG-13900,188
DS-13030,61
GZ-14470,95
PO-19195,18
SS-20875,78
MH-17785,189
PB-19105,190
RF-19735,191
YC-21895,95
MS-17830,2
NB-18655,134
DC-13285,192
CP-12340,30
BF-11020,157
AR-10510,26
JC-16105,149
LH-17020,48
CS-12250,193
AJ-10795,105
LE-16810,102
BV-11245,194
DL-12865,94
NZ-18565,95
BM-11785,48
EA-14035,38
CL-12565,195
LT-17110,195
SA-20830,196
JK-15730,197
ES-14020,95
RH-19495,39
DB-13120,145
CD-11920,198
HW-14935,189
HW-14935,24
MC-18130,69
GM-14440,35
RA-19915,77
AA-10375,199
ZC-21910,200
PJ-19015,201
BW-11110,202
DB-13210,12
CA-12775,12
TR-21325,99
PG-18820,95
GT-14710,88
JE-15745,203
JB-15400,86
LH-17020,179
JL-15175,85
EB-13705,7
BM-11650,46
EM-14095,2
AF-10885,176
GA-14725,204
CK-12760,205
DP-13105,206
VD-21670,130
GT-14710,46
BK-11260,46
SJ-20125,207
CM-12445,35
AJ-10795,134
AJ-10780,29
LS-16945,12
GP-14740,208
PK-18910,106
TB-21520,209
SM-20005,30
GA-14725,44
CC-12430,209
AG-10765,75
HP-14815,24
DK-13090,29
GZ-14470,10
PM-19135,84
LL-16840,145
JS-15595,63
OT-18730,189
EL-13735,210
CK-12760,35
JE-15475,132
TH-21550,84
PC-18745,35
HL-15040,15
MS-17365,84
GB-14530,136
JR-16210,158
TD-20995,211
DB-13060,156
LC-17140,4
PO-18865,30
BE-11335,31
SC-20050,212
BM-11650,202
KL-16555,66
RW-19630,78
RC-19825,213
SE-20110,30
AH-10075,165
JM-15535,106
JJ-15760,29
AB-10165,214
RK-19300,12
CG-12040,75
RA-19885,215
RP-19270,216
KC-16255,95
RW-19630,217
JL-15850,60
CA-12775,155
RB-19795,75
KH-16360,106
GH-14665,218
SW-20275,130
JA-15970,52
DL-12925,219
LW-16990,95
TB-21190,146
CV-12805,95
MS-17365,220
BS-11800,165
DL-13315,64
PO-19195,165
TD-20995,41
BW-11110,186
RW-19690,125
KB-16600,135
EB-13870,46
TZ-21580,128
AS-10630,90
TS-21340,17
JG-15805,136
SL-20155,134
TS-21610,24
RF-19735,59
MW-18235,221
RD-19585,1
FM-14290,173
RH-19495,24
RA-19945,222
JK-15730,223
MT-17815,58
PO-18850,224
AT-10735,156
VG-21790,89
PF-19165,225
JS-15880,6
MO-17800,2
KM-16225,165
GT-14710,226
PB-19150,64
HR-14770,63
DE-13255,158
LA-16780,104
AG-10390,94
EL-13735,227
JJ-15445,26
JH-15430,180
RD-19660,228
MO-17500,46
NS-18640,27
SN-20710,229
ZC-21910,230
LC-16885,10
DG-13300,64
NF-18595,30
BP-11185,89
MG-17650,106
JD-16060,15
TS-21160,214
BD-11620,35
CM-12160,231
RB-19795,106
SN-20560,142
EH-14005,77
FO-14305,46
MS-17710,155
CC-12100,135
DW-13540,60
BT-11395,84
KD-16270,232
LC-16870,194
CY-12745,233
LW-16990,234
NP-18325,189
BT-11485,235
PS-19045,44
NS-18640,14
PV-18985,35
RP-19390,17
NM-18520,216
EH-13945,17
RA-19915,236
DL-13495,95
CS-12355,237
HL-15040,238
PA-19060,239
BD-11605,29
GG-14650,240
JS-15940,64
LR-16915,241
FH-14275,242
AP-10915,63
NC-18340,243
CB-12535,244
KL-16555,245
PS-19045,246
GB-14530,26
AA-10315,40
LT-16765,247
AP-10720,46
PM-18940,31
KC-16540,61
DL-13315,46
SW-20275,248
AA-10375,142
LT-17110,51
DP-13105,46
AB-10060,209
AT-10435,26
JE-15745,249
CA-12055,33
DB-13060,101
RB-19570,223
HR-14830,6
BT-11530,2
NG-18355,250
ZC-21910,17
LS-16945,77
LH-16750,44
SW-20755,30
SP-20620,64
BF-11170,2
BM-11140,24
ZC-21910,63
KT-16480,251
BG-11695,94
PG-18820,252
GM-14680,60
MO-17800,24
PG-18820,30
EJ-14155,253
NP-18700,254
DJ-13630,30
IM-15070,202
MH-18115,182
RB-19795,44
JR-15700,134
SM-20950,255
CS-12355,256
CC-12220,242
PF-19225,35
JC-16105,63
BG-11695,128
DC-12850,257
SP-20545,37
MS-17710,7
BD-11770,33
KC-16255,258
TR-21325,259
SA-20830,134
KW-16435,111
GM-14500,260
AD-10180,46
TB-21355,30
CC-12430,35
PF-19165,189
JH-16180,261
EB-13975,262
QJ-19255,42
AA-10315,10
LC-17140,29
TC-21535,102
CS-12460,113
BM-11785,67
RC-19825,55
FM-14380,129
PK-19075,48
HG-14965,4
HA-14920,75
LW-16825,263
MC-17575,94
LP-17095,264
EB-14170,125
GZ-14545,129
LE-16810,156
AD-10180,75
CP-12085,212
FG-14260,95
LD-17005,10
AB-10255,204
MN-17935,78
HP-14815,14
JR-15670,265
JF-15190,142
CM-12115,165
AS-10045,223
KB-16315,266
BN-11515,88
BP-11290,190
AS-10045,102
LW-16990,10
DC-12850,67
ND-18370,176
LB-16735,7
KT-16465,14
HM-14860,75
AB-10600,116
SZ-20035,267
JR-15670,98
MG-17890,235
KM-16720,168
CA-12265,268
VD-21670,269
JK-16120,174
PP-18955,270
YS-21880,180
CK-12760,174
NC-18340,46
KM-16375,271
GM-14455,48
SD-20485,106
KD-16270,24
AB-10105,52
SZ-20035,71
JD-15895,46
HA-14905,24
BT-11305,147
SV-20815,17
RW-19540,155
DK-12835,206
LT-17110,48
IM-15070,257
FP-14320,60
ST-20530,272
JE-15745,140
BD-11320,260
MM-17920,95
PW-19030,127
SC-20440,43
KL-16645,37
SD-20485,156
TS-21160,64
JB-15400,142
TS-21085,52
MC-17425,273
ME-17320,113
SC-20440,274
NH-18610,275
AA-10480,265
LC-17140,6
MB-18085,276
LC-16930,90
KD-16495,30
MB-17305,277
TH-21550,134
DK-12835,152
ON-18715,75
KN-16390,26
NM-18520,67
NP-18685,278
CG-12040,24
CS-12505,279
KD-16345,280
MK-18160,35
DW-13540,281
CP-12340,61
MS-17770,46
CM-12655,142
Co-12640,106
DL-13495,24
TS-21370,46
JW-15220,173
RF-19840,113
JD-15790,282
NK-18490,35
NG-18430,111
AT-10435,63
PC-19000,26
AR-10540,24
CS-12505,113
LS-16975,199
JM-15535,2
NH-18610,283
RA-19915,78
AI-10855,75
MC-17845,284
TB-21400,60
VW-21775,95
PL-18925,27
GH-14425,116
CJ-12010,285
MC-18130,286
BV-11245,230
JF-15490,287
EB-13840,46
MP-18175,288
JM-15655,289
CL-11890,290
CK-12205,48
DB-13270,143
PC-18745,291
VB-21745,66
EP-13915,165
ME-17320,15
IG-15085,143
JS-15940,292
BO-11425,127
VW-21775,293
AB-10150,256
JW-16075,12
JE-15475,6
EB-13750,6
PK-18910,10
CS-12400,61
SG-20470,165
CM-12190,64
CL-12565,38
JO-15550,60
AW-10840,294
DV-13465,26
AH-10075,149
SC-20095,26
MC-18100,295
TT-21460,174
AP-10720,257
DL-12865,165
NP-18325,24
VG-21805,221
MY-18295,296
RD-19480,225
JF-15490,4
DP-13390,121
MD-17350,48
MY-17380,165
AB-10150,297
GB-14530,22
CA-12775,298
ME-17725,286
JO-15280,14
ML-17395,142
YS-21880,233
PL-18925,106
JK-16120,20
PN-18775,165
JC-15385,299
JG-15160,14
PO-19180,165
MC-17275,300
AS-10240,178
CL-12565,178
NW-18400,301
TB-21280,226
BS-11380,302
FH-14365,61
VM-21685,12
SF-20200,106
HH-15010,95
CD-12280,60
HL-15040,202
TH-21100,63
MM-18055,61
QJ-19255,106
NS-18505,163
MM-17920,165
RD-19480,15
RB-19645,284
RD-19585,303
SW-20455,304
SF-20965,17
EB-13930,95
SB-20290,64
PS-18760,142
CB-12535,95
DK-12835,106
AW-10840,12
TS-21610,106
HF-14995,305
HZ-14950,48
AB-10255,303
PO-19195,306
AG-10900,142
SC-20725,61
ND-18370,46
CD-12790,89
PG-18820,277
IM-15070,75
JK-15205,35
JP-15520,33
MM-18055,27
DC-13285,95
JL-15835,165
BN-11515,165
KD-16345,37
JK-15370,106
FM-14215,83
CA-12265,29
KD-16495,307
LH-17155,177
AG-10675,223
DB-13120,35
ED-13885,89
MC-18100,12
BM-11785,145
EM-14065,223
DA-13450,15
MO-17800,66
JW-15955,233
VW-21775,35
TT-21460,7
SL-20155,15
RM-19375,15
MB-18085,106
AG-10900,189
ML-17755,304
CC-12685,308
SC-20770,177
GG-14650,37
MY-18295,309
DP-13000,26
BD-11770,165
CB-12535,118
JE-15610,202
RP-19855,310
RA-19915,165
RP-19390,8
TB-21175,17
BE-11455,311
MR-17545,24
RM-19375,59
JF-15565,177
AS-10135,312
JA-15970,64
GK-14620,14
PB-19210,313
HK-14890,27
FO-14305,246
BT-11680,56
SP-20620,63
LL-16840,60
MC-17575,2
JL-15235,37
EA-14035,37
SA-20830,314
CH-12070,315
ND-18460,258
BS-11755,178
SL-20155,316
GB-14530,234
AS-10045,111
RM-19375,317
NH-18610,237
BF-10975,44
KH-16330,318
FA-14230,66
GW-14605,61
DA-13450,226
FH-14275,26
RK-19300,319
FM-14215,4
AC-10420,17
JB-15400,320
GM-14440,30
RF-19840,66
NC-18625,43
NG-18355,56
AH-10075,321
CH-12070,106
CC-12145,6
ME-18010,35
BP-11230,322
MP-17470,48
CJ-12010,256
JC-15775,66
CK-12760,134
LF-17185,165
CC-12430,106
DL-12865,323
PG-18895,35
EH-14005,187
TB-21520,324
DK-13225,126
JP-15520,325
CD-11980,326
AS-10090,327
JO-15280,328
AC-10450,40
RA-19945,329
Co-12640,330
DW-13480,186
DK-12835,331
MD-17860,305
RP-19855,332
RW-19540,142
DB-13660,188
SC-20770,142
FH-14275,17
EH-13990,237
AS-10630,252
HA-14905,118
CH-12070,84
EH-13765,291
MZ-17515,333
SC-20230,175
NP-18325,143
GM-14680,63
RH-19495,77
VM-21685,60
CC-12670,58
SV-20365,300
NP-18685,10
JE-15715,334
CP-12085,117
EA-14035,297
AC-10615,30
RW-19690,335
DB-13210,336
BD-11320,313
ML-17755,37
JD-16015,27
AS-10225,154
AA-10375,161
KT-16465,277
MM-18280,113
NG-18430,337
LW-16825,91
CB-12415,48
AS-10090,335
CB-12415,64
ML-17755,331
JS-16030,67
ND-18460,338
LW-17215,55
JW-15955,176
SC-20050,339
RW-19630,340
CM-12190,37
JF-15190,341
SC-20800,17
AM-10705,342
BK-11260,343
RH-19510,260
GM-14500,254
MC-17275,6
VM-21685,195
GP-14740,344
GB-14530,7
CT-11995,39
CW-11905,345
SN-20560,346
EB-13705,189
JW-15220,347
KB-16585,15
MC-17590,348
CK-12595,64
RD-19480,239
TP-21130,84
GG-14650,14
ZC-21910,283
CC-12610,64
KA-16525,349
TC-20980,60
DB-13270,91
TR-21325,35
BF-11080,309
MS-17365,52
CK-12595,142
ED-13885,67
IM-15070,30
MY-17380,350
MM-17260,50
MP-17470,351
AW-10840,215
SF-20065,125
SN-20710,130
RD-19900,41
KT-16480,77
AH-10120,116
BM-11650,30
BW-11200,252
HG-14965,352
SG-20080,72
RK-19300,145
SW-20245,353
RW-19630,60
TS-21085,354
JB-15400,355
EH-14005,243
EH-14005,106
BS-11665,106
JK-16120,64
RF-19345,356
WB-21850,64
TB-21625,71
CB-12415,30
GT-14635,256
TS-21160,357
WB-21850,138
DO-13435,46
AF-10870,358
RB-19435,359
AR-10540,360
DR-12880,30
BF-11170,177
LB-16735,4
DV-13465,40
NK-18490,263
LH-17155,94
DW-13480,233
KF-16285,361
HA-14920,162
JH-15820,362
LC-16930,363
IL-15100,35
LS-16975,33
CC-12610,17
PB-18805,364
CJ-12010,30
HK-14890,206
RH-19600,365
IL-15100,135
AS-10240,14
AP-10915,60
AG-10390,366
BF-11080,154
LT-17110,367
BT-11305,6
SC-20725,208
CG-12040,49
AW-10930,174
RB-19705,30
ML-17410,70
VB-21745,368
SW-20275,46
NS-18505,59
DB-13555,134
MH-17620,95
DK-13375,369
EA-14035,64
BT-11440,370
LA-16780,111
GM-14680,24
AA-10315,35
DB-13405,242
JH-15820,27
DJ-13630,41
QJ-19255,371
CT-11995,305
RH-19510,268
SJ-20125,27
TG-21310,14
CT-11995,64
BF-11005,55
JM-16195,26
JK-16120,189
HG-14965,95
LA-16780,372
TS-21610,35
MZ-17335,143
MW-18220,46
MV-17485,102
AA-10375,149
SM-20320,234
TP-21415,61
DK-13225,145
MK-17905,124
CS-12130,60
JL-15850,35
AR-10405,2
LM-17065,373
JK-15625,61
FM-14215,265
SF-20200,374
PJ-18835,109
CS-12355,271
BB-10990,214
BW-11200,4
RS-19420,61
TS-21160,113
QJ-19255,30
VD-21670,165
JL-15505,375
DL-13495,113
MO-17800,237
BP-11185,37
MS-17980,17
SV-20935,30
BC-11125,346
EM-13825,376
BD-11500,196
HW-14935,61
KC-16255,1
BM-11575,46
KN-16705,377
JD-16150,12
LA-16780,26
RW-19690,378
KW-16570,379
CC-12220,70
RH-19495,30
JK-15625,48
DC-13285,167
GM-14455,118
CL-11890,37
PV-18985,202
LT-17110,66
AM-10360,4
SC-20260,35
CP-12340,24
RF-19840,48
AB-10060,181
EH-13990,380
MN-17935,235
KL-16555,324
MP-17965,123
BF-11020,174
TP-21130,270
MS-17770,48
KM-16375,381
BE-11455,204
CV-12295,254
DK-13375,189
SG-20605,30
CS-12355,382
PJ-18835,46
NP-18700,10
SB-20290,330
HM-14860,144
MG-18145,63
TM-21010,35
BE-11335,35
AS-10630,75
EM-13810,2
JA-15970,63
TB-21595,202
PP-18955,383
ML-18040,384
LC-16930,385
MC-17590,386
CR-12580,387
SV-20935,324
MZ-17515,175
RB-19795,95
HM-14860,6
AZ-10750,30
JH-15910,33
PJ-18835,29
CA-12265,215
PW-19240,128
SW-20455,86
AF-10870,388
AM-10705,26
BD-11320,106
CM-12385,389
CS-12400,59
DB-13405,165
JG-15160,171
SC-20380,61
CS-12460,30
MK-18160,390
CM-11935,307
PF-19225,4
GM-14695,2
DC-12850,165
FO-14305,78
AH-10210,60
KN-16705,60
CB-12535,286
TB-21250,24
KD-16345,14
JM-15865,391
KT-16480,15
SC-20575,392
BS-11800,89
BT-11395,10
DC-12850,329
LS-17200,302
RR-19315,95
KL-16645,35
RB-19435,33
MY-17380,63
AW-10930,337
KW-16570,69
DB-12910,86
BB-11545,37
NP-18700,393
PB-19105,15
DW-13585,74
CD-12790,337
TT-21220,17
DB-12910,3
DJ-13510,367
DL-13495,75
LO-17170,394
SV-20365,178
EM-13810,35
KD-16615,58
NB-18580,64
AP-10720,382
JE-15745,59
JM-15865,52
AB-10105,1
PN-18775,38
JC-15775,395
PF-19165,46
BW-11110,33
BP-11185,250
TM-21010,13
MB-17305,396
HR-14830,30
BD-11635,318
SF-20200,397
SP-20620,165
DR-12880,56
VM-21685,398
CM-12235,297
SM-20320,378
RA-19885,113
SD-20485,213
CS-12250,399
RA-19285,24
BF-11005,26
SE-20110,400
RS-19765,401
BM-11650,135
SK-19990,24
EN-13780,46
KN-16450,134
MG-17890,143
MC-17590,175
BO-11350,63
AG-10300,14
MS-17365,95
JM-15655,65
MC-17635,359
TA-21385,24
SB-20290,158
AB-10150,313
JF-15295,6
BF-10975,307
TT-21265,63
SB-20170,46
LM-17065,402
KA-16525,174
BF-11170,315
TB-21400,313
SH-19975,108
AS-10225,268
PK-19075,95
HR-14830,28
DG-13300,46
CL-12700,335
HF-14995,32
HG-15025,140
NL-18310,63
RR-19525,112
TC-21295,143
DB-13615,197
SV-20785,261
MH-18115,31
CT-11995,26
KB-16315,279
RA-19285,121
YC-21895,4
RA-19915,156
CM-12160,64
CS-12130,403
AJ-10795,61
DL-12865,187
BE-11410,404
SM-20320,134
RP-19390,309
JD-16015,30
AB-10255,65
CC-12145,14
GH-14425,134
CP-12085,347
GM-14440,25
LC-16885,125
BT-11305,60
CP-12085,24
SC-20680,113
DK-13375,24
SE-20110,147
LF-17185,15
ON-18715,183
TB-21400,213
DF-13135,168
EP-13915,75
SK-19990,214
FH-14350,60
EH-13945,171
JE-15715,405
KL-16645,286
EB-13750,406
BD-11725,56
MS-17530,89
SC-20770,35
FM-14380,223
KT-16480,118
AP-10720,407
RH-19555,395
CS-11950,61
TM-21010,408
HF-14995,142
GA-14515,35
ES-14020,46
JP-16135,113
Dp-13240,409
NK-18490,95
PL-18925,12
RW-19690,64
MO-17950,78
JJ-15445,410
BT-11680,3
RD-19585,186
ML-17755,158
JE-15745,89
ER-13855,98
JM-15535,411
SS-20140,412
TC-21295,46
HG-15025,88
LD-17005,152
AS-10285,64
MP-17965,413
CD-12790,2
MD-17860,414
BM-11650,199
KN-16450,415
IG-15085,367
JS-15595,124
GA-14725,161
DL-13330,405
CS-12505,35
CC-12145,295
MH-18025,61
MP-18175,202
DR-12940,118
DM-13015,236
BD-11620,159
DC-12850,175
MT-18070,17
MJ-17740,404
ND-18370,41
CA-11965,406
GA-14725,2
TC-21295,395
JB-15400,30
CK-12325,338
RL-19615,307
AC-10660,144
BH-11710,12
BG-11695,398
XP-21865,290
SN-20560,156
DM-13345,237
AJ-10780,184
KC-16255,75
VF-21715,135
SV-20935,188
EM-13810,118
RB-19360,376
DJ-13510,89
CC-12370,307
SC-20380,149
RH-19495,416
JK-15370,35
AF-10885,214
LC-16885,105
BF-11275,116
SC-20800,2
SW-20275,189
MC-17845,46
TD-20995,89
Dp-13240,74
SD-20485,417
TM-21010,398
BK-11260,95
JF-15490,35
EP-13915,287
EP-13915,142
KH-16630,60
HG-14845,418
JC-16105,145
KM-16720,256
EB-13975,44
PW-19240,67
PG-18895,46
DB-12910,113
CR-12730,27
KH-16330,419
DL-12925,20
ME-17725,6
VD-21670,250
CK-12205,420
DL-12925,421
SE-20110,78
LS-17200,12
MM-17920,10
DB-13270,111
RW-19630,152
JM-16195,291
BP-11155,113
CT-11995,422
TH-21550,180
ME-17320,81
TT-21220,10
GT-14710,60
JD-16150,202
MC-18100,14
LH-17020,35
MP-18175,143
EM-14140,277
GG-14650,46
MA-17995,291
SH-20395,158
KT-16465,4
PO-19180,61
AY-10555,219
Co-12640,302
JF-15565,307
AR-10510,313
AG-10675,294
DV-13045,106
HL-15040,145
ND-18370,423
GB-14575,64
CL-12565,61
RC-19960,331
JB-16045,113
MC-17635,4
TT-21265,24
MJ-17740,84
AT-10735,353
PB-19150,52
NW-18400,75
VP-21730,424
RD-19810,145
MG-17875,165
PA-19060,425
CR-12730,30
AA-10375,350
JG-15160,264
RR-19525,214
SR-20425,128
LS-16975,46
MH-18115,426
SC-20095,9
JB-16000,231
AC-10450,165
MO-17800,12
RB-19645,427
AI-10855,338
DR-12880,428
DM-12955,368
JH-16180,428
AB-10060,106
BD-11605,69
AS-10045,55
ZD-21925,429
KF-16285,107
BP-11230,413
CC-12430,40
DB-13615,60
TC-21475,113
NZ-18565,430
SW-20350,84
TS-21370,37
DM-13345,56
RE-19450,177
JD-16150,286
BF-11215,384
ML-17755,214
YC-21895,286
LR-16915,63
BS-11755,4
KM-16375,163
BT-11530,89
KB-16405,431
DW-13480,176
JC-15340,24
TP-21415,33
DB-12910,1
BH-11710,286
TD-20995,432
CV-12805,7
CS-12355,24
JG-15310,260
JP-16135,48
EC-14050,24
KH-16630,33
FG-14260,174
AA-10480,335
MS-17770,60
JE-15610,153
EB-14110,64
BP-11155,165
CC-12100,14
JP-15460,188
LS-16975,177
JL-15850,46
CY-12745,66
RB-19360,94
AR-10825,111
CS-11845,60
AR-10825,26
RD-19810,46
KH-16510,6
NF-18385,56
SM-20950,433
GH-14410,277
EM-13810,30
DB-13210,223
PT-19090,33
HF-14995,10
KW-16435,243
KC-16675,395
PK-19075,38
KT-16465,37
EP-13915,84
AP-10915,377
SH-20395,24
SM-20950,165
BM-11650,210
TC-20980,17
KB-16585,112
JE-16165,434
DR-12940,27
RW-19630,46
ML-18040,435
JL-15130,67
CM-12655,130
FH-14365,30
EH-13945,287
TB-21280,223
AH-10030,64
TT-21070,76
RD-19900,89
LA-16780,254
SH-19975,436
SF-20200,239
TH-21235,64
VG-21790,437
NP-18325,233
FH-14275,24
JP-15460,101
ES-14080,287
KL-16645,46
BN-11515,30
ND-18370,15
JL-15130,216
RC-19825,70
CC-12475,24
DW-13195,15
CK-12760,102
EG-13900,37
SJ-20215,71
BP-11185,6
SJ-20125,6
MC-17590,438
BG-11740,75
MA-17560,27
CC-12220,60
RA-19885,134
DK-12835,79
LB-16795,419
CM-11815,90
TS-21205,10
RF-19345,124
JF-15565,75
EH-14185,34
VW-21775,376
KN-16450,439
SJ-20215,14
PS-19045,4
KM-16225,440
GM-14695,213
KT-16465,315
MH-17785,46
AF-10885,324
JP-16135,316
RD-19585,441
JF-15295,424
CK-12595,143
KH-16510,177
CM-12655,46
EB-13870,52
MW-18235,35
CS-11950,12
SP-20620,162
GT-14635,30
LW-17215,46
AH-10030,253
TH-21100,89
HG-15025,188
EB-13750,218
SC-20725,72
TS-21505,85
TH-21550,30
KD-16270,15
GM-14455,156
PR-18880,233
TB-21055,360
ON-18715,442
AH-10195,37
NM-18520,60
AR-10510,24
BM-11650,89
CA-12310,320
NF-18595,27
AF-10870,27
TC-21535,24
Dp-13240,443
MC-17425,67
LC-17050,169
BM-11650,163
NW-18400,122
TB-21280,137
BS-11755,35
SO-20335,420
CS-12490,444
PO-19180,15
TD-20995,75
SP-20620,86
MS-17365,46
Dp-13240,44
DB-13660,177
MG-17650,6
EH-14185,90
CL-11890,106
KF-16285,305
DH-13075,127
LA-16780,445
HZ-14950,15
CM-12190,26
LB-16795,48
JF-15490,48
GM-14695,35
SS-20590,8
TC-21475,43
CC-12430,24
CL-12565,26
DE-13255,446
SZ-20035,404
LF-17185,96
AB-10165,293
NM-18520,27
RA-19945,163
PO-19195,35
KA-16525,24
JD-16150,165
JO-15145,12
LE-16810,286
AH-10690,24
KN-16705,342
TB-21250,14
DP-13390,95
KN-16705,315
ST-20530,258
EB-13870,396
AH-10210,396
AS-10090,106
EM-13825,177
KA-16525,348
HJ-14875,134
ND-18370,134
EH-13765,443
MH-17455,223
CL-11890,35
SF-20965,48
EP-13915,447
RW-19630,440
SJ-20500,448
SP-20620,95
PJ-19015,273
CC-12610,29
MY-18295,286
DB-13210,449
MG-17875,3
RH-19600,450
KB-16240,451
CA-12055,2
JK-15730,273
RD-19930,111
JK-16120,30
SC-20020,303
HW-14935,156
SC-20800,130
HA-14920,307
MG-17875,174
DM-12955,380
DM-13345,194
ML-17395,189
GA-14515,177
SU-20665,130
BD-11320,143
DB-13405,416
RP-19855,378
EH-13765,46
JL-15835,14
FM-14380,24
SB-20290,1
SV-20365,48
MM-17920,358
RD-19810,127
ME-17320,156
FH-14275,75
PO-18865,2
CC-12550,142
TS-21505,35
MD-17350,76
GT-14755,14
RD-19660,54
DB-12910,78
JK-15640,60
FC-14335,352
JW-15955,256
DC-12850,452
FM-14290,411
MT-17815,130
DK-13090,11
KD-16495,31
AG-10300,35
MH-18115,404
AC-10450,300
FM-14290,127
RA-19285,33
JG-15160,24
NZ-18565,214
KM-16225,106
LC-17140,12
NP-18700,77
RB-19330,106
TH-21550,210
CK-12595,24
ST-20530,46
GB-14530,56
NC-18535,163
AB-10255,64
SC-20770,66
JC-15340,75
RA-19285,26
SH-19975,298
JC-15775,258
BC-11125,10
JH-15985,6
CC-12610,48
DB-12970,26
PP-18955,158
MC-17845,142
VF-21715,63
MC-17275,32
DB-13210,152
AJ-10945,453
CP-12340,134
DB-13555,83
EB-13750,454
JP-15460,277
SC-20050,31
FM-14290,360
TB-21250,161
EH-14125,413
ML-17410,106
MH-17620,189
BT-11680,235
JC-15340,216
DB-13210,455
DO-13435,155
FA-14230,77
QJ-19255,29
TC-21475,61
ON-18715,287
AD-10180,232
AC-10615,145
MF-17665,214
DH-13075,34
EN-13780,78
SS-20140,352
RS-19765,63
JW-15955,6
JK-15625,225
JO-15550,199
TP-21130,113
BS-11590,135
AB-10255,130
FO-14305,33
MF-17665,52
SA-20830,156
SH-19975,77
JL-15235,286
KH-16630,235
RM-19750,165
VM-21835,286
LH-17155,31
WB-21850,165
AP-10915,456
RA-19915,113
DR-12880,96
JG-15310,457
LC-16870,56
GB-14530,14
CK-12205,290
TS-21160,458
MH-18025,37
DM-12955,67
JJ-15760,67
KB-16585,187
CM-12160,35
FM-14215,12
RF-19735,38
JK-15370,124
JB-16045,459
PN-18775,124
LF-17185,46
RH-19510,460
MC-17575,75
MN-17935,32
EH-14125,3
TC-21535,48
JD-15895,63
IL-15100,17
SW-20350,199
DP-13390,26
BT-11395,461
JE-15475,24
EJ-13720,89
BE-11410,329
KL-16555,308
NC-18415,223
AH-10690,454
PK-19075,202
NG-18430,117
ZD-21925,134
NW-18400,273
HG-14845,24
CC-12685,165
JG-15805,163
RW-19540,152
LS-17230,22
MY-18295,48
JM-15655,277
KM-16720,284
KE-16420,49
TS-21370,14
SZ-20035,131
JE-15745,146
MS-17980,335
DH-13675,360
GT-14755,229
GH-14410,35
DM-13015,66
TC-21295,462
JK-16120,156
NC-18415,232
AJ-10960,89
LC-16885,463
GW-14605,35
SC-20305,453
JF-15355,189
DM-13015,341
EP-13915,86
JG-15805,68
PF-19120,28
DW-13195,366
CK-12595,156
CC-12670,464
SV-20785,237
SP-20860,2
MS-17770,67
TC-21475,432
SJ-20125,465
DS-13180,66
SC-20800,466
SH-20395,214
SF-20965,467
MG-17680,106
CS-12400,63
VT-21700,106
AB-10105,436
MM-18280,46
ML-17410,52
KD-16495,338
RF-19735,27
SC-20305,37
BN-11515,6
JS-15880,115
VG-21805,12
AW-10840,411
LS-17230,71
MH-17455,468
TS-21340,24
EH-13945,32
MG-17695,251
DO-13435,2
AF-10870,241
SN-20710,90
MO-17500,266
ON-18715,77
SC-20095,360
MS-17710,186
DN-13690,10
RB-19360,396
NH-18610,84
ED-13885,63
PW-19240,12
DM-13345,197
DW-13540,24
EH-14125,98
KE-16420,66
SP-20920,2
PS-19045,424
JM-15250,30
EB-13930,196
FG-14260,60
TH-21235,24
PL-18925,61
CC-12370,63
JM-15535,469
KF-16285,171
CS-12175,85
AR-10540,470
MS-17770,208
DB-13120,86
DK-12895,310
MP-17965,455
Dp-13240,61
CC-12220,66
KM-16660,237
MK-17905,128
SC-20725,2
CC-12475,106
BT-11305,471
FH-14350,149
AA-10645,182
JO-15145,95
SF-20965,472
CS-12355,300
SN-20710,473
JM-15655,204
FH-14350,37
AJ-10795,95
JF-15565,95
CS-11845,33
SP-20920,156
KE-16420,46
GA-14515,165
SM-20950,64
DK-12985,27
LC-16885,233
XP-21865,27
BD-11770,106
DL-13330,5
KH-16630,44
TP-21415,177
NP-18685,305
SC-20680,474
DK-12895,475
SM-20950,199
LS-17245,223
KE-16420,301
MC-17635,68
Dp-13240,52
LC-16930,380
LH-16900,238
TB-21175,46
JM-15865,76
KW-16435,203
SC-20095,40
ZC-21910,15
RB-19465,11
JK-15370,189
DD-13570,17
MC-17275,165
DL-13495,84
NC-18625,15
AC-10450,60
TS-21340,2
MM-17920,75
LP-17080,6
BG-11695,291
MG-18145,134
GZ-14470,102
JL-15835,44
DO-13435,6
AB-10600,37
KB-16315,476
TT-21070,338
PV-18985,2
DD-13570,213
KD-16495,477
RA-19285,75
SS-20590,478
JH-15820,375
EH-14125,95
TP-21415,266
RB-19330,111
CB-12025,64
MP-17965,49
SW-20245,12
SM-20950,27
AP-10915,113
AH-10465,46
EP-13915,356
TP-21565,43
AR-10825,256
HJ-14875,155
JK-15370,254
JF-15355,38
EK-13795,201
RS-19765,38
BD-11320,63
BF-11170,10
JK-15730,67
CR-12820,46
AG-10300,118
CM-12160,309
SG-20890,479
CS-12175,480
HL-15040,286
DM-13015,33
HK-14890,481
BG-11740,189
CK-12595,4
RF-19735,24
CJ-12010,64
MA-17560,24
AM-10705,482
AH-10585,37
PF-19120,127
RD-19480,392
JL-15505,185
AB-10600,26
NC-18535,95
TB-21400,6
SJ-20215,117
EB-13840,37
WB-21850,47
SR-20740,6
VG-21805,239
LS-16945,78
MA-17560,106
NF-18475,229
MD-17860,64
MZ-17335,60
KB-16600,438
MA-17995,26
ME-17320,29
JD-15895,2
LS-16975,309
SJ-20500,70
BS-11365,165
RA-19285,153
TS-21610,483
KB-16585,326
MM-18280,6
LO-17170,46
RS-19420,70
CC-12475,351
KT-16480,113
DM-13015,106
EP-13915,67
AM-10705,61
SH-20635,281
LA-16780,309
SF-20200,409
AG-10495,60
KN-16450,78
NF-18595,60
BS-11365,101
RM-19675,165
AB-10105,305
CA-11965,484
EH-14005,396
ON-18715,15
EB-13870,12
DW-13195,314
MB-17305,485
TH-21235,4
PO-18850,395
DE-13255,347
MO-17500,486
AH-10585,60
CS-12250,4
WB-21850,63
SP-20620,256
AB-10165,63
HA-14920,95
DC-13285,196
ST-20530,384
KB-16315,76
TB-21355,171
JC-15775,165
PO-18850,187
SS-20875,487
RD-19720,488
GZ-14470,489
SN-20710,14
DK-12895,79
VM-21835,490
GB-14575,102
ND-18370,95
MM-17260,132
MV-17485,155
JL-15130,404
AG-10330,353
MD-17860,197
RO-19780,379
RR-19315,174
CP-12340,123
LL-16840,300
NC-18340,491
HA-14920,37
MA-17995,453
LH-16900,492
SB-20290,362
BT-11305,493
PS-18970,1
TB-21625,95
RA-19915,419
BP-11095,35
CD-11920,46
KB-16585,177
SW-20245,158
AH-10690,143
JL-15835,75
GZ-14470,210
RC-19825,98
CL-12565,30
MW-18220,12
BF-10975,135
SN-20710,26
TB-21280,24
JB-15400,129
AH-10210,35
KL-16645,186
MH-17455,73
EC-14050,48
GH-14665,27
SC-20095,494
TB-21355,495
DW-13195,384
CL-12565,313
LT-17110,417
AP-10915,1
CB-12415,156
MT-17815,484
DK-13375,21
SR-20740,464
AA-10645,10
AS-10630,95
MC-17575,59
SE-20110,77
DS-13030,43
NS-18640,481
KA-16525,46
DJ-13510,12
MG-17680,496
BD-11620,497
CD-11920,24
XP-21865,14
CA-12055,67
JM-15250,4
JK-15730,48
CC-12670,4
GW-14605,12
GR-14560,95
FM-14215,411
MS-17980,15
BF-11170,63
VS-21820,2
KM-16225,335
LP-17095,52
BG-11740,33
BW-11200,498
PS-18970,313
RB-19570,60
JW-16075,10
ND-18460,134
LC-16930,239
BP-11095,128
RD-19720,24
BE-11335,499
RS-19765,369
KC-16540,17
MB-17305,30
TN-21040,361
MC-18130,26
VF-21715,61
ES-14080,260
MK-17905,156
TM-21490,337
RL-19615,27
NM-18520,114
EB-13930,500
SG-20470,330
ND-18370,277
CM-11815,295
EB-13870,66
HM-14860,14
SJ-20125,475
DM-12955,155
MC-17575,307
DB-13660,15
NF-18595,59
NM-18445,478
AB-10255,2
MG-17650,31
SE-20110,501
AG-10765,498
AS-10045,46
AR-10405,502
AP-10720,12
JB-16000,12
TS-21430,63
NL-18310,503
TC-21475,226
MG-17650,202
MG-17890,309
BF-11170,223
MS-17770,145
JE-15745,219
HG-14965,253
EP-13915,134
GH-14410,33
DS-13180,15
TH-21550,290
RM-19675,14
SF-20965,50
SO-20335,85
CK-12760,165
GA-14725,504
BD-11725,35
DS-13180,35
BS-11380,35
JF-15565,390
HA-14905,377
Co-12640,60
BC-11125,165
EB-13840,196
DB-13360,30
KB-16585,6
AH-10120,95
GH-14410,348
KT-16480,95
KH-16330,483
SV-20785,12
PO-18850,134
AC-10450,119
KB-16585,61
DB-13555,7
AG-10270,75
JF-15295,505
RE-19450,136
MV-18190,315
GB-14530,75
HL-15040,239
BP-11155,208
CT-11995,116
JL-15835,186
JK-16120,111
DH-13075,15
AG-10900,506
WB-21850,14
JO-15280,75
EJ-13720,144
AB-10105,41
LT-16765,128
CM-12655,61
EM-13960,309
DJ-13420,10
DE-13255,26
NR-18550,174
CK-12325,6
JF-15490,507
LB-16795,332
MP-18175,30
LH-16900,95
SV-20935,163
RB-19435,189
Dl-13600,46
PS-19045,508
GT-14755,107
CS-12355,61
JD-16060,39
TS-21160,95
BV-11245,6
DL-13495,322
EB-13870,79
ES-14020,281
JB-15925,111
SC-20380,119
EB-13870,106
TC-21475,509
NR-18550,459
DB-13270,30
NS-18640,66
CS-11860,223
CC-12430,10
AC-10450,510
CM-12385,27
EK-13795,247
CK-12760,256
PK-19075,286
MH-18025,251
GB-14575,478
IM-15070,98
MM-18055,165
MF-18250,2
CK-12595,511
MK-17905,134
MH-17455,12
NG-18430,142
PB-19210,64
RE-19450,425
TB-21625,26
MG-17695,64
LW-17125,212
PF-19120,66
NZ-18565,512
JE-15610,2
JO-15145,127
TT-21220,46
MS-17365,513
MP-18175,95
FH-14350,83
SC-20050,1
NM-18520,393
JO-15280,32
CC-12475,101
MZ-17515,142
MS-17830,145
GK-14620,161
MC-17275,514
LH-17155,233
SS-20140,515
GK-14620,93
GM-14455,111
SH-19975,165
SC-20725,24
TT-21070,6
SC-20440,208
KL-16645,15
KN-16390,48
SL-20155,36
PW-19240,516
TB-21175,1
AH-10210,159
SC-20695,84
RF-19345,511
EH-13765,6
AC-10660,272
SG-20470,428
CA-12310,159
SH-20395,46
MC-17605,33
JE-15610,209
MS-17530,324
BH-11710,341
ME-17725,60
MB-17305,517
BM-11575,518
SC-20575,156
MH-18115,365
AR-10345,129
MO-17500,37
AD-10180,70
KD-16345,30
FM-14215,6
ZC-21910,43
KS-16300,519
DP-13390,520
BD-11605,10
IL-15100,50
LP-17095,378
JH-15985,415
JD-16015,61
DL-13330,30
NC-18415,248
AS-10225,10
MS-17980,30
TS-21205,284
JK-15730,297
TC-21535,142
AB-10015,6
DP-13000,3
CY-12745,85
BE-11455,260
KL-16555,134
PS-19045,219
JR-16210,134
AH-10210,24
RW-19630,27
AH-10075,126
IM-15070,189
CK-12760,396
AG-10390,30
CL-12700,98
AW-10930,95
HG-14965,156
RB-19645,32
SZ-20035,165
KS-16300,315
SC-20050,63
AB-10060,26
EH-14125,390
CC-12475,4
TM-21010,130
SC-20695,239
Dp-13240,46
LR-17035,64
TS-21370,52
SW-20350,178
TH-21100,214
SS-20410,142
MZ-17515,165
JE-15475,89
RF-19735,337
CV-12295,156
VG-21790,10
BB-11545,276
HR-14770,202
SC-20260,61
EG-13900,18
TS-21370,50
AI-10855,2
DD-13570,27
AB-10060,120
KB-16240,12
JC-15775,149
AH-10465,163
NM-18520,521
TP-21130,522
DL-12925,40
CA-12265,50
SC-20380,180
TT-21460,142
MA-17560,191
JM-16195,10
MB-18085,14
SV-20365,33
CG-12040,202
BD-11500,35
JK-15640,178
JM-15580,234
SC-20230,112
ME-17320,177
KN-16390,75
HM-14860,523
JM-15580,523
KH-16690,470
BK-11260,27
PN-18775,411
AZ-10750,163
GM-14500,12
BM-11785,263
NH-18610,113
PN-18775,396
EH-13765,64
HA-14905,27
AB-10150,78
MS-17365,65
DD-13570,64
MT-17815,30
GM-14500,188
KB-16585,300
DM-13015,30
BP-11185,159
EP-13915,263
FG-14260,30
AB-10255,6
RD-19480,189
TS-21430,337
JA-15970,185
SW-20455,10
FP-14320,30
JL-15835,63
JL-15175,524
JG-15160,256
SH-19975,10
LS-17200,525
CS-11860,165
KW-16570,526
GH-14410,156
AG-10495,346
TS-21430,6
AJ-10945,100
SJ-20215,55
SC-20020,375
LA-16780,186
FC-14335,261
CA-12265,527
JH-15985,10
AJ-10795,24
BT-11395,2
DJ-13510,470
AG-10675,113
JD-15790,134
EH-14125,12
ZC-21910,135
XP-21865,90
DK-12985,35
CS-12250,38
AI-10855,299
AA-10315,218
RE-19450,233
TM-21010,136
YS-21880,286
AZ-10750,24
CM-12445,72
JB-16000,528
LC-16930,165
CA-12775,186
SR-20425,152
PP-18955,335
JM-15865,2
AS-10090,165
LS-16975,10
SA-20830,254
LS-17200,465
TM-21490,95
TT-21265,305
DN-13690,210
EB-14110,59
CM-11815,61
HM-14860,297
KM-16375,102
BF-11020,4
JE-15745,529
EJ-14155,60
BN-11470,106
EC-14050,113
TT-21220,221
NP-18685,120
AH-10195,530
CC-12145,337
DL-13315,350
XP-21865,4
MA-17560,75
SZ-20035,67
CS-11845,6
MH-18115,232
CB-12025,95
JO-15145,142
PA-19060,230
SV-20785,371
KL-16555,146
BC-11125,457
PO-18850,221
AG-10675,202
SP-20860,39
LH-17020,128
AD-10180,35
KT-16465,67
PJ-19015,124
MC-18100,82
BO-11350,531
DP-13000,17
TM-21490,232
DV-13045,89
AH-10690,29
AB-10165,68
JS-15940,211
BV-11245,188
NC-18415,15
SU-20665,255
DJ-13510,95
DL-12865,308
Dp-13240,366
TM-21010,532
TZ-21580,469
SC-20260,129
LS-17230,14
MV-18190,67
BD-11620,46
CV-12295,165
KB-16315,286
ME-18010,60
AJ-10780,58
DV-13465,188
JK-15325,78
SH-20395,145
SC-20725,63
CS-12250,533
LH-16900,139
YC-21895,163
CY-12745,69
AH-10030,26
AR-10540,10
SS-20590,35
DW-13585,307
NC-18625,163
CD-11920,478
DW-13195,331
EH-13990,17
BD-11320,6
KH-16630,76
NH-18610,534
AG-10495,17
RP-19855,6
NB-18655,64
JM-15580,63
DM-13525,33
CC-12220,106
GA-14725,535
CV-12805,63
NC-18535,60
GR-14560,50
JG-15805,268
EB-13750,95
MC-17605,26
BM-11650,404
HF-14995,26
ML-18265,6
AH-10195,24
TZ-21580,63
DM-13345,10
TS-21505,536
TB-21625,478
LC-16870,156
AM-10360,199
JE-15715,17
CS-11950,64
PF-19225,63
PJ-18835,127
JF-15490,506
NM-18520,63
MH-17290,2
SZ-20035,35
PR-18880,105
FC-14245,347
LH-16750,524
RM-19675,142
DM-13525,184
EH-14185,46
TC-21295,537
AI-10855,277
JM-15535,46
BE-11335,17
DR-12880,46
TA-21385,311
KN-16705,385
PJ-18835,229
MC-17605,106
BS-11755,200
PK-19075,35
TS-21205,197
BD-11725,4
TS-21340,58
ST-20530,15
DB-13210,10
KF-16285,189
JM-16195,73
TS-21505,148
YC-21895,11
Dp-13240,433
SJ-20500,286
KB-16240,124
CS-12250,189
EB-13870,230
PB-19150,329
MT-18070,66
BF-11020,134
CG-12520,33
DH-13675,35
SC-20440,12
HG-15025,369
MM-18055,24
TH-21115,12
JE-15745,2
PG-18820,270
MB-17305,35
JD-16015,156
JH-15430,326
EN-13780,30
KC-16255,365
MS-17980,64
CK-12205,87
SJ-20125,107
EA-14035,142
MG-17890,538
AB-10255,30
SC-20260,134
TB-21355,539
JK-16090,199
CK-12595,367
SS-20590,540
MG-17890,209
JM-16195,541
SG-20470,10
DB-12970,67
JW-15220,154
KD-16495,130
IL-15100,284
JE-15610,149
SU-20665,27
EA-14035,48
RF-19840,55
LC-17050,26
PS-18970,235
PS-18970,24
JO-15280,89
VP-21730,165
GA-14725,195
EM-14140,151
DB-13615,95
ML-17395,101
JH-15430,178
BP-11095,129
SB-20185,209
SV-20785,309
DO-13435,48
TB-21355,17
BS-11380,165
FM-14215,308
JL-15835,24
AF-10870,10
BG-11035,69
MB-17305,94
HW-14935,60
AB-10105,165
JP-15460,46
DV-13045,32
CM-12190,189
SC-20695,500
VW-21775,4
PP-18955,61
DR-12880,124
RB-19465,106
NF-18385,338
CR-12580,30
SU-20665,542
SC-20050,543
ML-18040,166
GM-14440,143
JK-15640,347
AT-10435,317
AH-10690,237
SJ-20125,60
HM-14860,93
AG-10495,213
JB-16000,364
AJ-10795,431
MM-18280,30
TH-21235,107
AH-10120,161
CL-12700,43
JG-15310,56
SE-20110,6
TG-21640,544
SH-19975,177
MC-17275,60
PJ-18835,61
ZC-21910,27
SC-20680,545
BP-11230,474
RD-19585,507
KL-16645,60
CK-12205,332
RB-19705,33
KM-16225,309
AH-10465,10
AG-10765,37
EB-14170,162
PG-18895,10
CA-12055,178
SS-20875,369
RP-19390,70
SC-20440,30
NW-18400,24
KW-16435,156
HR-14770,46
AG-10900,196
BM-11650,542
RD-19720,378
KB-16585,331
DW-13585,10
VG-21805,156
DR-12880,165
AH-10690,15
JP-15520,8
DR-12880,546
JK-15625,24
MV-17485,14
BP-11155,10
DH-13075,262
LH-16900,255
DK-13090,256
SS-20410,547
FP-14320,89
LC-17050,127
AS-10240,29
HG-15025,7
BW-11065,315
BH-11710,187
JP-16135,4
JM-16195,548
FH-14365,256
MC-17575,6
EB-13870,549
PM-19135,66
AR-10345,33
SS-20875,344
SC-20440,4
EA-14035,335
TP-21130,527
BP-11290,2
LM-17065,136
KT-16465,10
AP-10915,142
JD-15790,14
XP-21865,550
JK-16090,331
MG-18205,134
PG-18820,411
LD-17005,165
MN-17935,295
RD-19900,381
JP-16135,158
KE-16420,78
DL-13315,366
KB-16240,429
JD-16150,89
AC-10450,86
LS-17245,551
CS-12175,35
AR-10510,48
KB-16405,46
MM-17920,239
RF-19735,189
BP-11290,5
MJ-17740,329
DO-13645,2
MV-17485,61
MG-17875,102
BS-11665,189
PO-19180,531
DA-13450,221
AH-10690,78
JK-15730,138
MS-17530,552
JK-15640,75
CM-12235,367
RS-19420,317
BP-11185,106
MA-17995,553
EB-13705,159
RD-19900,464
EH-14005,238
FM-14290,12
FG-14260,129
MV-17485,165
JW-15220,189
EH-13765,10
LS-17245,95
BP-11050,482
CC-12220,554
JM-15580,309
RD-19720,27
SS-20410,149
KD-16495,2
PL-18925,14
ZD-21925,239
LS-16945,95
PB-18805,35
PC-18745,74
FM-14290,35
KD-16495,59
SC-20680,61
DW-13585,554
PF-19120,46
DK-13225,165
RB-19435,29
GD-14590,397
RA-19885,34
DB-13555,146
RL-19615,75
RB-19465,6
JF-15295,303
RW-19690,14
VG-21790,4
JM-15265,2
BE-11455,194
CB-12535,373
SD-20485,17
SG-20890,30
TS-21430,333
DK-13225,10
ML-17395,63
MA-17560,26
LR-17035,10
BE-11335,30
CC-12145,189
BD-11770,24
JK-15640,165
DB-13615,44
RR-19525,440
SV-20935,155
RB-19465,313
MV-18190,46
EH-14185,106
JS-16030,502
ES-14020,14
NS-18640,48
SH-19975,555
RF-19345,52
DL-12865,230
AG-10390,26
SW-20245,25
KN-16390,274
GB-14530,330
CL-12565,14
KF-16285,142
AY-10555,14
BD-11635,48
HG-15025,556
CB-12025,539
LS-16945,260
DM-13015,404
AC-10615,61
LT-17110,223
AH-10585,230
SS-20140,557
TD-20995,165
PP-18955,2
PG-18820,297
AA-10645,522
FA-14230,142
TB-21520,172
AH-10075,366
CP-12085,116
BF-11215,40
CP-12340,230
LS-17245,67
TS-21655,202
JS-15940,404
NF-18385,466
KN-16705,30
GA-14725,75
EH-14125,145
RA-19285,89
TT-21070,75
AH-10465,558
CC-12430,469
KD-16495,75
BG-11035,111
FH-14365,142
PG-18820,165
NZ-18565,33
TB-21595,339
JE-15475,15
EH-13945,147
BF-10975,237
PC-18745,523
SV-20365,46
Dp-13240,106
HR-14830,329
WB-21850,71
AS-10090,156
SP-20920,272
SP-20650,559
CM-12655,165
JR-16210,331
CB-12415,27
SD-20485,472
SS-20140,2
EH-13990,30
AH-10030,10
EM-14200,221
TB-21190,165
AB-10165,560
AO-10810,63
TT-21220,459
KN-16705,479
FO-14305,476
GA-14725,95
NC-18415,561
JF-15190,114
GT-14710,199
KM-16660,59
PJ-18835,35
AC-10660,10
JG-15310,107
RM-19375,113
EK-13795,95
RD-19585,26
CV-12805,75
AG-10330,313
GM-14440,14
MC-17605,153
ES-14020,67
MM-17920,29
MH-17440,46
NZ-18565,335
GB-14575,38
DB-13270,41
JK-15625,75
AM-10705,562
MW-18220,6
AG-10330,15
CM-12160,106
RA-19915,135
SB-20185,190
PK-19075,431
SV-20935,48
MG-17650,369
CM-12445,15
ME-18010,369
YS-21880,6
MB-17305,563
AS-10240,415
MC-17425,46
PG-18820,176
JS-16030,191
JB-16000,63
DK-12985,564
JF-15490,41
PO-18850,275
BT-11530,178
NW-18400,565
JF-15415,60
AC-10420,75
TB-21280,30
HA-14905,59
LH-17155,142
LO-17170,209
DP-13390,85
CR-12580,293
KB-16405,60
ML-17410,135
MC-17575,37
VM-21685,511
VW-21775,154
GK-14620,303
AT-10435,97
AR-10825,48
JH-15820,30
RA-19285,239
RO-19780,61
LR-17035,256
MK-17905,229
YS-21880,113
JH-15910,313
AT-10735,396
RM-19675,566
BB-11545,233
AS-10285,567
DK-13375,60
JH-15910,94
JK-15205,369
EH-13765,14
VW-21775,347
CG-12040,560
EB-13705,35
NF-18595,550
ME-17725,271
AZ-10750,142
RF-19345,24
AJ-10780,568
SF-20965,143
MZ-17335,10
SB-20170,37
AH-10210,78
NK-18490,414
AI-10855,46
TP-21565,569
LW-17125,570
NG-18355,70
NG-18355,31
EB-13750,288
SP-20860,134
SP-20545,185
RB-19795,375
DB-13660,286
NB-18655,10
XP-21865,21
MH-17455,165
BG-11740,142
DB-13660,404
EM-14140,286
RB-19465,24
PO-18850,10
AG-10900,163
BF-11275,329
HG-14845,75
BS-11590,165
JD-16015,75
CS-12250,6
FC-14245,4
SE-20110,331
CK-12205,571
DS-13030,30
SA-20830,59
TP-21565,71
CC-12430,30
LA-16780,32
AW-10930,106
BP-11230,26
DB-13360,506
PC-19000,524
TB-21595,158
TB-21250,111
MV-18190,152
DK-12835,29
PK-19075,165
AH-10120,163
GM-14455,209
BD-11725,300
RM-19375,315
BW-11110,322
GT-14710,17
AH-10120,176
DR-12940,476
DL-13495,524
BD-11620,75
HW-14935,313
JO-15145,541
RD-19660,233
DO-13645,129
CC-12370,75
SH-20395,223
FC-14335,27
JG-15160,544
LC-16885,303
CC-12220,24
BW-11110,24
JJ-15445,37
TT-21460,15
EH-13990,317
PR-18880,572
BT-11680,67
EC-14050,95
SP-20650,30
AJ-10780,309
AS-10630,176
AA-10375,560
EH-13945,142
DB-13270,260
CC-12100,152
VT-21700,33
DB-13060,85
BS-11590,12
NR-18550,119
KN-16390,165
JW-16075,223
JM-15535,165
MF-18250,75
FA-14230,416
KH-16510,15
SS-20515,176
LC-17050,82
VW-21775,165
LD-16855,156
SP-20545,106
DK-13150,30
FC-14245,10
RD-19480,35
AR-10540,31
CC-12100,75
CA-11965,123
BT-11530,24
MG-17875,295
TP-21130,39
GT-14710,251
FH-14365,366
HK-14890,286
CC-12220,6
DP-13000,178
VF-21715,387
GH-14410,88
JH-16180,46
RB-19465,2
LS-16975,156
EB-13750,251
DK-12835,53
SC-20260,175
CT-11995,129
CB-12025,527
KM-16720,15
RD-19720,60
BP-11050,171
EJ-13720,142
RO-19780,102
MS-17530,60
DW-13585,200
AM-10705,271
BG-11740,573
KB-16585,95
GT-14710,24
SV-20815,305
GG-14650,48
SV-20785,134
ON-18715,235
RA-19945,574
SV-20785,201
KB-16585,235
AG-10495,14
JK-16090,176
MV-18190,63
CP-12085,335
VP-21760,10
PM-18940,575
TB-21400,24
EH-13990,293
GW-14605,24
NP-18685,576
JE-15715,61
BE-11455,335
SS-20590,10
MB-18085,44
RP-19390,165
AJ-10780,204
PO-18865,305
WB-21850,314
MP-18175,331
BF-11020,175
KM-16375,28
DB-13405,129
OT-18730,221
JS-15880,275
CA-12775,276
MH-18115,113
RB-19645,4
SB-20290,143
TW-21025,327
DL-13330,453
SD-20485,52
TB-21055,317
DP-13390,57
DE-13255,142
MC-18100,51
HG-15025,4
CM-11815,10
RP-19855,15
LS-17200,202
DR-12940,418
CC-12475,309
SS-20515,57
JF-15190,24
SW-20455,143
SG-20470,576
CS-12355,107
SC-20695,3
BF-11170,309
GZ-14470,577
SP-20650,353
PJ-19015,48
DB-13060,302
CK-12325,402
SF-20065,578
DP-13105,4
VM-21835,557
SF-20200,6
MF-17665,124
BV-11245,298
KE-16420,43
EM-14200,230
BT-11680,35
MM-18055,37
PO-18850,142
SP-20860,356
CS-12355,83
KB-16600,30
AA-10375,46
BP-11155,336
TC-21145,101
BG-11035,308
DB-12970,46
RL-19615,37
SJ-20215,156
CS-12175,101
NC-18535,52
CW-11905,26
CM-12115,24
PT-19090,66
CL-12700,30
HF-14995,309
JC-15775,106
JH-15910,149
CC-12610,36
IM-15055,53
BF-11170,380
CS-12355,70
MC-17605,27
MC-18100,17
LW-16825,52
KH-16510,283
RB-19645,149
GD-14590,579
EB-13705,15
PS-18760,12
GH-14425,60
LO-17170,121
CS-12505,2
YS-21880,154
TC-20980,378
PW-19030,30
CS-11860,24
DP-13165,27
BM-11575,580
DL-13495,381
BF-10975,276
FC-14335,217
MP-18175,413
AJ-10795,29
BC-11125,581
RS-19420,2
NP-18670,52
BT-11440,529
BP-11230,63
JO-15145,57
MF-18250,367
MY-17380,66
SC-20230,26
RF-19345,27
SG-20080,60
TB-21520,582
MM-17920,338
CG-12520,163
TW-21025,60
BD-11320,40
HA-14905,158
LL-16840,4
SS-20140,113
CK-12205,347
VS-21820,18
TN-21040,30
HR-14830,126
JS-15595,156
BN-11470,91
AR-10405,191
SW-20455,6
JE-16165,389
LH-16900,48
VG-21790,6
EM-13960,10
EM-13825,14
JH-15910,583
NP-18700,37
SH-20635,380
BM-11785,61
HG-14965,106
BM-11140,538
PS-19045,165
MS-17710,342
JL-15235,46
KM-16660,4
RD-19900,10
ST-20530,12
BP-11095,295
TA-21385,156
PS-18760,295
NP-18700,60
SC-20260,30
RD-19930,4
TH-21115,286
GM-14680,165
JO-15550,53
ZC-21910,174
AP-10720,165
GK-14620,163
HM-14980,142
LS-16945,26
AR-10570,113
RH-19510,95
TB-21190,216
JD-15895,38
MP-17965,165
JB-16000,563
CC-12145,15
CY-12745,28
EP-13915,238
DL-13315,149
SO-20335,2
BP-11095,24
JA-15970,84
BB-11545,3
DK-13375,584
RH-19600,498
AG-10300,122
JB-15400,229
BC-11125,288
KC-16675,176
DR-12940,585
DW-13195,63
ME-18010,484
JF-15490,30
SP-20860,37
KN-16390,158
DB-12910,206
FM-14215,127
SM-20005,46
AP-10915,77
SP-20545,24
RD-19585,165
MC-17575,11
EB-13750,165
JE-15610,189
CS-11860,153
PB-19105,270
AT-10735,30
SV-20365,64
PJ-18835,163
NM-18445,138
TR-21325,396
BF-11005,43
WB-21850,159
KH-16630,269
KL-16645,331
MG-17890,161
JF-15355,145
RS-19765,142
NL-18310,14
AS-10285,177
SU-20665,156
CK-12205,479
JM-15580,60
JE-15715,44
AR-10825,138
AH-10075,182
GA-14515,26
JF-15415,385
KH-16690,4
CC-12685,1
JF-15565,68
RP-19390,30
CD-11980,165
DF-13135,30
SM-20005,58
SG-20890,140
LH-16750,12
EJ-14155,201
KH-16330,56
KM-16720,46
LW-16990,321
IG-15085,6
JP-15460,30
GG-14650,6
MM-18280,298
SO-20335,60
MF-18250,46
JG-15160,149
JM-16195,286
PK-19075,396
TT-21460,239
SS-20875,124
TG-21640,586
HP-14815,221
MH-17290,12
CB-12415,256
VD-21670,33
SR-20425,520
AG-10330,155
BP-11095,223
JW-16075,27
LH-16900,113
KT-16480,417
CC-12220,4
BF-11170,37
MS-17770,196
AH-10030,25
CK-12595,260
NP-18325,35
SG-20605,10
HK-14890,33
MY-18295,12
RC-19960,309
JO-15145,507
MW-18220,404
NZ-18565,4
JM-15250,309
ED-13885,15
DW-13480,143
JK-15205,187
JS-15880,149
PO-19180,6
PO-19180,46
HF-14995,3
VB-21745,145
MG-17890,587
BO-11425,24
CM-12115,10
LC-16930,52
EH-13765,61
MC-17275,588
HW-14935,186
LC-16870,10
BP-11290,12
TG-21310,46
MC-18100,37
RB-19360,35
ES-14080,64
RD-19720,35
SC-20380,70
GB-14575,165
FP-14320,14
EA-14035,106
SC-20305,59
JF-15355,55
TP-21415,64
RL-19615,14
SB-20170,4
JS-15595,48
BP-11155,142
EM-13825,476
SC-20695,528
EM-14140,471
GZ-14545,381
ML-17395,64
PG-18895,29
DK-12835,15
SJ-20215,85
AG-10675,5
EB-13975,308
AW-10930,525
JK-16120,3
TC-21535,95
TH-21235,512
PW-19240,210
GH-14410,512
JK-15730,156
LC-17140,178
BS-11365,337
AG-10525,15
SC-20725,35
LR-16915,396
CB-12415,2
RD-19900,293
NC-18340,67
NB-18655,106
JK-15730,562
DO-13645,252
MG-18145,303
LH-17155,59
MM-18280,24
BD-11320,84
SC-20575,329
TN-21040,139
ZC-21910,24
NB-18655,165
KH-16330,589
MN-17935,30
MY-18295,37
CS-11950,24
MC-17845,514
SC-20050,590
SP-20650,37
PR-18880,86
BM-11575,63
SM-20950,46
KC-16255,30
SG-20470,149
TB-21520,30
DV-13045,134
SC-20020,15
JB-15400,202
GH-14425,591
MG-17650,347
RD-19660,64
SN-20560,10
AH-10690,186
MZ-17335,52
AR-10345,106
JF-15295,2
DS-13180,12
BP-11095,124
TG-21310,315
BT-11395,592
JF-15190,107
MK-17905,89
GG-14650,51
MC-18130,61
ML-18265,307
AG-10270,199
TT-21070,429
LT-16765,324
DD-13570,14
DB-12970,24
DM-12955,324
ME-17725,27
TR-21325,6
SH-20395,165
CB-12535,588
ML-17410,156
JG-15310,4
JS-15880,214
AG-10270,165
MG-17890,301
SC-20770,64
BS-11755,106
LC-17140,33
MH-17440,130
RD-19720,52
BP-11095,570
BF-11020,60
CP-12085,473
JL-15235,14
JG-15805,189
VP-21760,231
RD-19810,27
MH-18025,366
SJ-20125,67
FM-14380,432
KH-16360,37
LL-16840,181
AR-10540,26
NP-18670,60
LP-17095,439
AH-10690,142
TB-21190,63
AA-10315,165
AC-10615,106
EM-14140,519
QJ-19255,156
ME-17320,1
LB-16795,126
JP-16135,165
EB-13705,12
CS-12400,491
PM-19135,356
AA-10645,189
FA-14230,4
CM-12190,551
CC-12475,33
TC-21295,280
TB-21400,2
JK-15325,593
BW-11200,302
SH-20395,35
JL-15835,48
JL-15835,127
MD-17350,404
CL-12565,428
RA-19885,10
LC-16885,594
SW-20245,255
HG-14965,26
MV-17485,17
GT-14710,10
BS-11380,77
CM-12715,144
EM-13825,67
KH-16330,24
AF-10885,64
JR-16210,135
DL-12925,256
BD-11605,208
RB-19570,27
RB-19795,77
TB-21250,6
KN-16390,33
RL-19615,63
FH-14275,390
YS-21880,2
SW-20755,61
PN-18775,199
AT-10735,93
EJ-13720,106
DM-13345,24
KH-16690,29
MB-18085,53
DK-12895,229
DB-13210,64
CV-12295,152
GK-14620,26
JA-15970,331
TH-21115,260
BS-11665,37
NS-18505,78
SA-20830,521
BH-11710,592
SC-20380,46
RF-19345,416
CM-12235,291
JM-15655,4
RB-19435,26
SS-20515,286
NM-18445,152
EM-14095,52
MP-17470,231
KH-16360,176
DB-13555,286
LB-16795,261
CA-11965,2
DL-12925,255
FC-14335,95
DB-13120,369
CK-12205,177
FW-14395,365
JM-15865,122
PS-18970,14
TC-21475,347
CV-12805,11
VS-21820,144
SC-20575,2
SG-20605,197
NB-18580,193
DR-12940,260
MA-17560,290
TS-21655,350
JG-15115,44
KM-16375,260
SD-20485,375
TT-21070,145
BB-11545,31
RS-19420,304
AI-10855,91
AH-10120,67
BF-11170,129
AA-10480,152
SV-20815,13
EH-14185,75
JL-15850,155
JM-15250,307
JB-15925,4
PB-19105,12
SP-20620,98
MC-17605,4
BG-11695,30
JO-15550,10
AR-10345,111
TS-21505,178
GA-14515,295
TN-21040,395
TW-21025,6
PA-19060,78
JD-15790,33
MN-17935,158
GM-14500,6
DG-13300,60
AG-10330,44
JF-15355,309
SC-20680,95
CM-11935,116
KT-16480,2
CP-12340,506
EK-13795,27
CW-11905,256
KH-16510,102
AB-10600,223
AH-10075,48
CK-12595,44
SP-20620,251
JP-15460,17
BG-11035,32
CC-12550,303
SL-20155,161
FO-14305,113
BB-11545,210
DO-13435,41
LB-16735,395
TS-21205,216
CS-12505,404
SP-20920,10
CD-12790,521
RF-19840,338
FO-14305,37
ER-13855,44
PB-19150,30
LW-17215,156
FG-14260,75
BP-11050,37
SP-20860,163
JD-15895,122
FM-14380,140
MP-17965,265
HR-14830,46
BW-11065,75
MS-17710,254
SJ-20125,79
VS-21820,315
DK-13090,235
MG-17680,14
DP-13390,284
CJ-12010,10
CW-11905,482
GW-14605,281
PP-18955,286
PW-19030,2
PW-19030,499
CY-12745,27
BW-11110,189
MB-18085,67
CR-12820,583
EB-14110,63
SH-19975,6
CV-12295,194
AT-10735,24
AG-10390,102
GM-14500,426
JK-15205,102
DW-13540,33
AS-10090,275
TS-21205,156
SM-20320,14
BH-11710,502
LW-16825,24
JA-15970,244
KA-16525,6
TG-21310,155
DB-13360,364
LS-17245,63
MO-17950,223
CA-11965,347
DB-12910,548
DK-12835,41
EB-14170,44
DR-12940,174
JS-15685,12
LC-16870,462
JP-15520,595
TS-21655,146
NM-18445,165
EH-14125,596
DC-12850,32
DO-13645,67
LS-16975,163
RW-19630,35
RD-19720,597
RB-19570,587
JE-15715,178
PO-19195,12
JK-16120,211
JP-16135,143
Dp-13240,506
JB-16000,210
PP-18955,476
RF-19840,29
KH-16330,46
EM-14200,163
DK-12835,24
MC-17425,41
RW-19540,91
DS-13180,89
GA-14725,177
SC-20380,295
KD-16345,46
KH-16330,443
GG-14650,550
JS-15685,475
BP-11095,14
CC-12610,77
SP-20860,64
JK-15625,130
CC-12100,63
DP-13000,15
SF-20065,598
EH-13765,37
DN-13690,61
PJ-19015,256
MA-17560,599
VM-21835,220
MM-18055,43
CR-12580,89
BS-11365,60
RD-19585,446
KD-16270,4
AA-10645,112
MC-18100,160
AA-10645,337
QJ-19255,64
JM-16195,43
TB-21625,30
NF-18595,404
BF-11020,591
NP-18670,359
HM-14860,163
DM-13525,46
JF-15565,66
NM-18520,140
AG-10270,129
BF-11275,113
JC-15775,4
PV-18985,566
DO-13645,364
HA-14905,46
SH-20395,244
JM-16195,125
DK-13225,46
CM-12715,12
BF-10975,30
SF-20965,64
CB-12025,14
TC-20980,256
LW-17215,145
NS-18640,10
JM-15250,144
RF-19345,600
CA-12055,30
KH-16690,331
LC-16960,102
JL-15130,125
DM-12955,512
MV-18190,343
NS-18640,309
AS-10630,6
MT-17815,95
SR-20425,46
DK-13375,61
SV-20935,384
RH-19510,63
SB-20185,63
CR-12820,17
EG-13900,12
RD-19930,37
JM-15865,363
LW-16825,90
RW-19540,14
BG-11695,592
TT-21220,63
EB-13930,156
FP-14320,64
JA-15970,591
TS-21655,33
DP-13000,27
JD-15895,216
GH-14485,177
RD-19585,142
CS-12490,153
BF-11215,46
NK-18490,12
AZ-10750,89
Co-12640,497
AG-10675,271
EM-14140,201
CA-11965,601
RB-19360,61
RD-19720,265
MS-17830,309
PG-18820,189
KB-16240,457
RB-19465,546
JD-15790,99
JJ-15445,46
LT-17110,189
AH-10690,35
AB-10060,60
FM-14380,130
GH-14410,14
HE-14800,37
SZ-20035,46
CM-12115,142
TG-21310,120
DK-12985,331
SS-20410,75
BM-11575,156
MY-17380,37
AG-10900,37
SG-20470,249
CC-12370,165
LR-16915,36
DB-13120,538
LP-17095,366
KD-16495,24
SA-20830,488
BG-11035,396
DM-12955,396
MC-17845,78
ML-17395,109
RD-19930,163
AB-10015,175
EA-14035,55
SF-20065,290
BC-11125,25
PF-19165,495
SE-20110,59
CJ-12010,134
PT-19090,134
LH-16900,30
BW-11200,35
BS-11365,113
DP-13390,174
CS-12400,64
MS-17365,156
DK-12895,6
SN-20560,528
TC-21475,146
AM-10705,223
AJ-10960,46
KH-16360,22
LP-17095,174
JE-15715,30
MY-18295,581
FC-14245,158
ND-18460,185
DB-13360,347
LC-16960,86
BD-11725,113
MC-17605,223
SZ-20035,587
DH-13675,124
LC-16885,413
JO-15145,6
MT-17815,165
EB-13750,102
RS-19765,44
RB-19435,53
OT-18730,152
GZ-14545,2
NL-18310,95
BG-11740,411
MT-18070,313
BC-11125,35
GW-14605,67
BD-11500,113
PV-18985,517
HM-14980,180
EM-14065,30
SF-20065,78
SC-20380,15
ND-18370,256
FC-14245,187
KL-16555,174
XP-21865,99
FP-14320,24
PS-18760,602
CW-11905,286
KH-16360,102
TC-20980,34
YS-21880,108
CC-12220,338
ZD-21925,2
JK-15370,365
GM-14440,366
JW-15220,129
BO-11350,64
XP-21865,507
MM-18055,151
TS-21655,295
JL-15235,603
SZ-20035,60
LR-17035,87
SV-20365,14
MG-17890,254
NC-18415,7
SC-20680,60
RO-19780,95
JL-15175,95
PW-19030,412
MF-18250,15
CC-12220,156
MH-17440,67
CD-12790,604
CV-12805,233
TB-21625,114
DG-13300,417
RD-19810,76
JB-16045,605
EJ-14155,118
BD-11620,125
MR-17545,15
SR-20425,158
TH-21100,277
BD-11635,30
SM-20950,2
HE-14800,286
JK-15640,343
ON-18715,180
TH-21100,271
MD-17350,163
AH-10075,175
ML-17755,606
LB-16795,60
NP-18670,101
EB-13750,94
RP-19390,462
DC-12850,528
DJ-13510,287
CL-12565,333
NC-18340,422
KN-16450,309
SC-20260,414
AM-10705,122
RA-19945,178
MM-17260,60
BN-11470,37
JB-16045,48
DB-13615,116
JB-16045,75
AH-10075,482
AI-10855,35
TH-21115,33
JE-15610,14
TH-21235,156
JE-15715,33
AT-10735,320
JH-15820,545
DR-12940,384
AB-10165,128
MC-18100,24
IG-15085,212
FH-14275,35
AS-10285,421
PN-18775,379
GM-14500,476
NC-18625,357
TW-21025,155
BF-11020,24
TT-21460,95
SW-20245,2
PG-18820,199
DP-13390,75
DJ-13510,24
EN-13780,438
PB-19150,61
BD-11560,254
SE-20110,102
AT-10735,14
CC-12685,339
AS-10225,594
AB-10150,232
DH-13075,63
SR-20740,14
NR-18550,140
SJ-20125,163
LC-16885,46
NS-18640,17
NS-18640,416
HG-14965,203
SF-20200,30
EM-14065,407
DO-13645,336
MY-18295,202
DB-13615,10
SP-20920,48
ME-17320,142
BS-11755,84
KS-16300,113
CC-12475,35
HD-14785,106
KB-16315,142
HR-14830,12
TB-21625,46
DS-13180,113
GB-14530,43
VB-21745,17
MC-17425,37
CB-12025,34
PM-18940,29
DC-13285,454
LA-16780,17
DJ-13420,202
MH-18115,607
BG-11035,486
SV-20365,413
DP-13105,420
SR-20740,177
BT-11680,17
JK-15640,95
ST-20530,455
TS-21505,209
CM-12190,39
MC-17590,608
MH-17440,247
RD-19720,64
KB-16240,14
FC-14335,12
BD-11770,75
FH-14365,420
SO-20335,609
PM-19135,134
GD-14590,102
PA-19060,35
LS-17200,254
JL-15175,245
CA-12310,66
CM-12160,274
BT-11440,46
SE-20110,570
HG-14965,2
PF-19165,233
BD-11770,200
BT-11395,26
EM-14095,24
LC-17050,163
FH-14275,79
CM-12235,52
FM-14380,329
HG-14965,98
AG-10525,165
OT-18730,530
SV-20365,12
JM-16195,176
HM-14980,60
PO-19180,310
KC-16675,1
DB-13120,163
SV-20935,346
NS-18640,223
MH-17455,4
RR-19525,396
RH-19555,44
RP-19390,6
KB-16600,37
MH-17620,94
HZ-14950,3
JG-15160,17
AB-10165,469
HJ-14875,35
CJ-11875,12
ED-13885,61
KB-16315,178
JS-16030,68
PO-18850,610
RD-19810,33
JD-15895,196
SR-20740,102
TZ-21580,35
TN-21040,143
PW-19030,291
AH-10075,2
AY-10555,12
SP-20650,76
ED-13885,95
CR-12625,438
CS-12400,10
TS-21205,396
RP-19390,75
NF-18475,245
PP-18955,30
JD-16150,142
EJ-14155,89
PW-19240,95
TS-21430,189
BM-11650,611
AW-10930,33
MH-17290,329
SW-20275,61
SP-20860,109
SC-20695,359
PW-19030,60
CS-12250,24
RP-19855,533
CS-12175,429
MJ-17740,12
JG-15160,300
AG-10765,453
CK-12205,589
HD-14785,566
BO-11350,189
LC-16885,30
RB-19465,395
JD-16015,214
MF-17665,210
BF-11170,149
FO-14305,380
BB-11545,7
IL-15100,48
PO-19180,128
DB-13555,315
LC-16960,24
MP-18175,37
EA-14035,144
BM-11785,161
CM-12715,33
JD-16150,612
AS-10630,366
CM-11815,52
JE-15715,234
AG-10525,196
BP-11095,142
MJ-17740,13
VM-21685,371
KT-16480,64
CS-12250,37
AB-10015,337
AH-10030,46
DO-13435,364
MC-17590,551
JF-15190,64
SM-20950,26
SP-20650,31
CK-12760,277
PW-19240,50
EB-14170,111
DK-13090,416
TB-21055,333
AG-10900,64
BB-11545,586
VP-21760,305
RP-19270,61
DH-13675,246
SW-20455,145
KF-16285,495
JR-16210,95
JC-16105,40
BP-11290,48
FA-14230,315
DN-13690,165
FO-14305,106
DP-13105,430
JW-15220,380
TT-21460,44
SN-20560,336
JM-15865,102
SB-20185,156
CC-12475,89
SH-19975,60
RB-19435,48
TC-21295,15
CT-11995,275
GZ-14470,93
AM-10360,142
AH-10120,174
MY-18295,36
BS-11590,48
BB-10990,2
ML-17755,353
FC-14245,340
CR-12625,113
LC-16960,89
GZ-14470,575
BD-11320,26
EM-14095,29
BP-11290,68
SU-20665,30
AY-10555,95
EM-13825,521
SA-20830,290
CA-12265,429
CV-12805,111
AH-10690,221
DS-13180,391
AH-10690,613
ZC-21910,449
DF-13135,229
SS-20140,6
FP-14320,144
HE-14800,202
SP-20545,157
BP-11185,75
PG-18895,142
JP-15520,452
NW-18400,41
SW-20245,174
EH-14005,10
SC-20260,95
NC-18535,274
AS-10090,89
JL-15130,281
VG-21790,134
HG-14965,143
JH-15430,187
RO-19780,33
LW-17125,221
CC-12370,33
JP-16135,75
DD-13570,32
ES-14080,347
RD-19900,75
RL-19615,142
JP-15460,78
DM-13345,417
CS-11860,78
DL-13315,614
LC-16870,37
JG-15115,223
HM-14860,335
TN-21040,95
VP-21760,85
CS-12355,476
PG-18820,177
HG-14845,17
MH-18115,12
TB-21280,52
EM-13825,495
JF-15415,322
NB-18655,202
CS-11860,324
ND-18460,365
EA-14035,165
BP-11050,142
NS-18640,65
MV-17485,544
LE-16810,29
VP-21760,214
TC-21475,377
SG-20470,24
VP-21760,46
PO-18865,615
JL-15130,132
RW-19540,6
RB-19465,84
SC-20095,146
EM-13960,117
RP-19390,46
AB-10105,186
ND-18460,524
XP-21865,476
MM-18280,14
ML-17395,35
KM-16225,355
SL-20155,165
AJ-10780,26
DK-12835,35
BK-11260,201
CC-12670,6
ED-13885,165
SV-20785,63
AR-10825,6
CS-12250,143
RR-19525,46
BD-11500,156
BM-11785,246
MS-17365,249
BM-11140,120
KE-16420,64
SZ-20035,135
MB-18085,335
DB-13555,1
CB-12415,347
SP-20650,199
GW-14605,1
KH-16630,201
BG-11035,29
LO-17170,304
DV-13465,14
LR-17035,17
RR-19525,183
TS-21610,158
AH-10210,176
DW-13585,413
AJ-10945,84
SV-20785,464
MG-17650,177
AB-10105,17
MM-18280,399
MA-17995,196
EB-13975,14
NS-18505,12
RB-19795,2
JK-15325,4
PR-18880,10
EH-13945,75
MA-17560,33
MA-17995,405
JL-15505,33
AS-10045,314
DC-12850,178
MD-17860,616
RH-19510,89
TB-21175,576
EB-13930,105
BM-11785,547
BT-11530,14
FW-14395,165
RD-19480,122
TP-21130,18
CB-12535,371
QJ-19255,152
KM-16720,510
KM-16660,12
IM-15055,122
ML-17395,372
GH-14410,564
AG-10900,425
MG-17695,27
MJ-17740,89
SJ-20125,130
LB-16795,570
SB-20185,299
CC-12610,396
DP-13000,46
JL-15505,280
SM-20320,285
BB-10990,66
PB-19150,510
GM-14680,59
NR-18550,348
EH-13765,165
FH-14365,26
BT-11680,546
AB-10105,51
SC-20230,60
RS-19870,224
AI-10855,53
DJ-13420,95
BF-10975,75
TH-21235,14
AW-10930,40
JW-15955,75
MH-18025,300
FM-14290,617
GZ-14545,142
TC-21535,14
TB-21520,63
RP-19390,52
LR-16915,2
MM-17260,48
NB-18655,395
DS-13030,35
VF-21715,10
SW-20275,30
PW-19030,606
KD-16615,142
DO-13645,618
GA-14725,340
JL-15505,619
SU-20665,6
FM-14380,84
MY-17380,32
NM-18445,284
CS-11950,266
PK-19075,46
HM-14860,24
AH-10210,1
FC-14335,384
CP-12085,573
SC-20305,12
HJ-14875,60
CB-12025,196
EH-14185,583
LW-17215,377
MK-17905,57
JH-15820,234
DB-13270,177
TB-21625,64
NM-18445,10
TT-21220,22
RS-19765,527
TB-21625,620
AM-10360,178
MP-17965,479
MH-17290,448
CA-12265,95
KD-16615,24
DW-13540,78
AG-10495,152
JH-16180,12
DK-13090,297
AR-10825,30
SM-20005,17
DB-13660,2
PF-19225,200
AJ-10945,95
EB-14110,46
ES-14080,331
SS-20410,522
AG-10900,250
CY-12745,95
RP-19270,95
DB-13360,216
CK-12325,413
DN-13690,521
DP-13105,61
RO-19780,37
MA-17560,31
JD-15895,24
PS-18970,60
JF-15415,586
RD-19480,256
ES-14080,101
KN-16390,235
VP-21760,48
CS-11950,55
KB-16600,60
AJ-10945,63
PO-18865,621
DP-13105,425
GM-14500,27
CC-12670,86
SJ-20125,30
SF-20200,155
RM-19375,371
KM-16375,33
FH-14275,174
DG-13300,77
MW-18220,165
SC-20845,622
BD-11500,390
LP-17080,116
NP-18700,24
DP-13105,64
RB-19465,156
LC-17140,46
WB-21850,106
MH-17785,277
SC-20305,2
MH-17620,17
JC-15775,61
RD-19810,307
SC-20695,17
NC-18535,35
JO-15145,251
VW-21775,144
BP-11185,177
PP-18955,64
SC-20725,346
BM-11785,106
CD-11920,219
GM-14680,64
BW-11065,46
RE-19405,362
HR-14770,134
TP-21565,282
KB-16315,305
AC-10660,453
DN-13690,313
CC-12430,487
TS-21340,10
MO-17800,322
RP-19855,4
JL-15175,429
BW-11110,308
SJ-20500,35
FG-14260,24
EH-14125,469
BS-11590,176
JS-16030,48
JC-15775,286
JM-15265,61
CD-12280,24
JM-15265,156
SS-20410,623
HG-14845,78
BC-11125,64
AB-10255,142
MY-18295,67
NF-18385,596
NB-18655,336
EM-13960,41
MF-17665,365
CM-12385,95
EC-14050,337
BO-11350,474
VM-21835,169
AB-10060,468
CM-12235,202
KW-16570,10
MM-17920,499
RD-19900,447
LM-17065,24
CS-11845,37
KT-16480,163
BE-11410,292
NF-18475,134
DL-13315,156
MS-17710,393
MM-18055,95
JB-15400,14
SG-20605,37
PB-18805,61
AC-10615,582
MR-17545,6
BF-11215,163
BW-11200,165
TS-21610,27
AS-10045,95
AA-10375,260
PS-18970,52
RP-19270,15
NC-18625,135
SC-20020,12
BD-11560,29
SM-20950,334
EB-14110,48
HP-14815,209
EB-14170,15
SM-20905,56
CG-12040,63
TG-21640,86
DK-12835,11
MB-17305,48
SF-20065,283
PS-18760,66
RB-19705,46
RS-19870,75
SB-20185,24
HJ-14875,152
SV-20815,230
BE-11410,138
AZ-10750,400
HD-14785,27
BF-11005,90
HZ-14950,24
FC-14245,380
TP-21130,331
EB-13705,610
JP-15520,238
TD-20995,221
DM-13345,145
EG-13900,338
HG-14965,404
BF-11080,24
SC-20095,63
CS-11950,130
BD-11320,434
MZ-17515,61
PW-19030,14
BS-11380,393
DA-13450,404
ME-17725,78
MH-17785,339
BT-11440,84
MM-17920,56
NM-18520,165
MH-17455,40
TC-21295,290
MH-17785,60
EP-13915,4
JH-15985,5
CM-12715,6
FO-14305,277
MW-18220,624
MS-17365,63
HP-14815,116
AS-10090,46
CS-12505,283
ME-17320,538
MS-17770,10
KH-16690,216
LC-16885,14
AF-10870,625
AH-10465,34
GK-14620,308
KL-16645,626
FM-14290,106
JL-15850,15
GM-14500,411
MC-17635,239
CS-12490,30
AH-10030,35
EP-13915,35
FW-14395,4
KA-16525,89
SC-20050,175
PG-18895,196
TA-21385,46
PO-18850,17
SM-20950,70
SC-20695,158
HK-14890,152
BT-11485,12
KM-16660,96
SP-20920,627
LB-16795,50
JS-16030,35
CS-11950,63
MD-17350,106
LD-17005,35
DB-13270,64
AT-10735,17
DK-13375,208
CS-12250,157
JF-15565,24
TW-21025,165
TB-21250,51
SC-20380,481
KM-16720,112
EB-14170,61
JE-15715,14
NC-18535,498
AD-10180,64
NF-18475,199
KD-16615,4
EP-13915,89
JJ-15445,286
BE-11410,174
BP-11290,142
BH-11710,156
EM-13810,356
EP-13915,27
NZ-18565,61
LC-16870,196
SF-20965,10
KM-16375,628
ML-17395,6
MC-18100,2
DB-13660,265
LW-17215,438
TC-21535,35
SC-20050,187
FM-14215,106
PF-19225,149
LF-17185,66
CL-12565,256
EM-13825,336
ME-17725,176
BG-11035,498
CJ-12010,33
KH-16360,33
SH-19975,27
CS-12490,214
JK-15730,629
PJ-19015,24
AP-10720,3
JW-15955,315
PT-19090,37
TB-21595,41
CB-12025,621
AG-10495,105
BD-11605,35
JS-15685,46
NF-18385,44
SC-20305,582
GA-14515,78
CY-12745,158
WB-21850,630
DL-12865,107
RE-19450,68
MH-17290,142
EH-13765,629
EH-13765,30
GA-14515,10
GA-14515,113
EB-13840,6
HR-14770,239
SM-20950,30
EA-14035,631
MH-17455,37
SL-20155,24
NP-18685,272
RF-19840,46
BE-11455,178
JK-15370,46
CC-12100,178
LL-16840,632
KE-16420,142
SG-20605,378
CA-12265,24
RD-19585,551
VG-21805,101
SH-19975,202
MM-17920,37
JF-15415,156
LP-17095,324
MP-18175,158
SC-20845,128
DP-13000,297
KD-16615,159
RP-19855,127
KN-16390,538
TM-21010,606
JF-15190,46
MY-18295,617
AT-10435,76
JF-15490,156
DH-13075,46
IM-15055,35
KH-16510,343
JK-15205,278
AS-10240,75
SC-20575,482
CP-12340,14
NS-18640,30
JL-15835,35
MD-17350,159
RD-19660,6
NH-18610,75
HW-14935,305
DB-12970,63
KN-16705,132
AJ-10945,524
CL-12700,203
CM-12655,17
AS-10240,12
RB-19435,171
MP-17470,270
RC-19960,17
AP-10720,4
SW-20455,300
TB-21055,324
RC-19960,438
DV-13465,256
ML-17410,142
RA-19885,507
TB-21400,124
DB-13060,147
CC-12220,280
